Book Name,Author,Ratting,Ratting count,Price
Why Bharat Matters,Why Bharat Matters,4.9 out of 5 stars,17,₹550.00
33 Days Challenge CBSE Class 10 Final Revision Book Pack of 3 Mathematics Standard Science Social Science for 2024 Board Exam (Includes Sample Papers) by Padhle Akshay,33 Days Challenge CBSE Class 10 Final Revision Book Pack of 3 Mathematics Standard Science Social Science for 2024 Board Exam (Includes Sample Papers) by Padhle Akshay,4.6 out of 5 stars,0,₹709.00
Atomic Habits,Atomic Habits,4.6 out of 5 stars,"88,016",₹539.00
The Power of Your Subconscious Mind: Original Edition | Premium Paperback,The Power of Your Subconscious Mind: Original Edition | Premium Paperback,4.5 out of 5 stars,"80,238",₹115.00
My First Library: Boxset of 10 Board Books for Kids,My First Library: Boxset of 10 Board Books for Kids,4.5 out of 5 stars,"74,838",₹399.00
"MINtile Sank Magic Practice Copybook, (4 Book + 10 Refill) Number Tracing Book for Preschoolers with Pen, Magic Calligraphy Copybook Set Practical Reusable Writing Tool Simple Hand Lettering","MINtile Sank Magic Practice Copybook, (4 Book + 10 Refill) Number Tracing Book for Preschoolers with Pen, Magic Calligraphy Copybook Set Practical Reusable Writing Tool Simple Hand Lettering",4.0 out of 5 stars,0,₹115.00
The Psychology Of Money,The Psychology Of Money,4.6 out of 5 stars,"57,967",₹228.00
Don't Believe Everything You Think (English),Don't Believe Everything You Think (English),4.5 out of 5 stars,"3,753",₹187.00
Rupesh Thakur Prasad Panchang 2024 /Thakur Prasad Medium Colorful Hindi Panchang Calendar 2024,Rupesh Thakur Prasad Panchang 2024 /Thakur Prasad Medium Colorful Hindi Panchang Calendar 2024,4.3 out of 5 stars,0,₹25.00
Indian Polity for UPSC (English)|7th Edition|Civil Services Exam| State Administrative Exams,Indian Polity for UPSC (English)|7th Edition|Civil Services Exam| State Administrative Exams,4.6 out of 5 stars,939,₹699.00
Ikigai,Ikigai,4.6 out of 5 stars,"52,174",₹346.00
Oswaal CBSE Sample Question Papers Class 10 Science Book (For Board Exams 2024) | 2023-24,Oswaal CBSE Sample Question Papers Class 10 Science Book (For Board Exams 2024) | 2023-24,4.4 out of 5 stars,0,₹297.00
The Things You Can See Only When You Slo,The Things You Can See Only When You Slo,4.5 out of 5 stars,"5,062",₹400.00
My First Book of Patterns Pencil Control: Patterns Practice book for kids (Pattern Writing),My First Book of Patterns Pencil Control: Patterns Practice book for kids (Pattern Writing),4.4 out of 5 stars,"26,654",₹89.00
Twelfth Fail: Hara Vahi Jo Lada Nahi,Twelfth Fail: Hara Vahi Jo Lada Nahi,4.7 out of 5 stars,895,₹178.00
"201 Brain Booster Activity Book - Fun Activities and Exercises For Children: Tracing & Pattern, Colors & Shapes, Maze","201 Brain Booster Activity Book - Fun Activities and Exercises For Children: Tracing & Pattern, Colors & Shapes, Maze",4.4 out of 5 stars,495,₹99.00
Blackbook of English Vocabulary,Blackbook of English Vocabulary,4.5 out of 5 stars,0,₹295.00
"Do It Today: Overcome procrastination, improve productivity and achieve more meaningful things [Paperback] Foroux, Darius","Do It Today: Overcome procrastination, improve productivity and achieve more meaningful things [Paperback] Foroux, Darius",4.4 out of 5 stars,"8,279",₹143.00
33 Days Challenge CBSE Class 10 Final Revision Book Science for 2024 Board Exam (Includes Sample Papers) by Padhle Akshay,33 Days Challenge CBSE Class 10 Final Revision Book Science for 2024 Board Exam (Includes Sample Papers) by Padhle Akshay,4.7 out of 5 stars,0,₹229.00
Nenu (Atmakatha in Telugu),Nenu (Atmakatha in Telugu),4.6 out of 5 stars,0,₹275.00
You Can,You Can,4.3 out of 5 stars,"4,604",₹99.00
The Power of Your Subconscious Mind,The Power of Your Subconscious Mind,4.5 out of 5 stars,"80,238",₹99.00
Ajay Bisaria,Ajay Bisaria,0,0,₹739.00
Colouring Books Boxset: Pack of 12 Copy Colour Books For Children,Colouring Books Boxset: Pack of 12 Copy Colour Books For Children,4.5 out of 5 stars,"4,177",₹329.00
Breakout Trading Made Easy: Maximize Your Profits with Simple Price Action Strategies,Breakout Trading Made Easy: Maximize Your Profits with Simple Price Action Strategies,4.8 out of 5 stars,498,₹299.00
The Alchemist,The Alchemist,4.6 out of 5 stars,"143,714",₹183.00
Oswaal CBSE Sample Question Papers Class 10 Mathematics Standard Book (For Board Exams 2024) | 2023-24,Oswaal CBSE Sample Question Papers Class 10 Mathematics Standard Book (For Board Exams 2024) | 2023-24,4.5 out of 5 stars,0,₹240.00
UPSC Wala Love - Collector Sahiba |Kailash Manju Bishnoi,UPSC Wala Love - Collector Sahiba |Kailash Manju Bishnoi,4.1 out of 5 stars,0,₹154.00
Twelfth Fail | 12th Fail (Hindi),Twelfth Fail | 12th Fail (Hindi),4.6 out of 5 stars,"5,958",₹179.00
Shrimad Bhagwat Geeta Yatharoop,Shrimad Bhagwat Geeta Yatharoop,4.8 out of 5 stars,"18,401",₹200.00
33 Days Challenge CBSE Class 10 Final Revision Book Social Science for 2024 Board Exam (Includes Sample Papers) by Padhle Akshay,33 Days Challenge CBSE Class 10 Final Revision Book Social Science for 2024 Board Exam (Includes Sample Papers) by Padhle Akshay,4.3 out of 5 stars,0,₹229.00
Animals Tales From Panchtantra: Timeless Stories for Children From Ancient India,Animals Tales From Panchtantra: Timeless Stories for Children From Ancient India,4.5 out of 5 stars,"4,983",₹189.00
Educart 33 Days Challenge with Class 10 Final Revision Book for CBSE 2024 Board Exam- Maths + Science + SST + English (2023-24),Educart 33 Days Challenge with Class 10 Final Revision Book for CBSE 2024 Board Exam- Maths + Science + SST + English (2023-24),4.1 out of 5 stars,452,₹577.00
BRAHMASTRA Complete Maths Multicolored Formula Book Second Edition BILINGUAL by Aditya Ranjan Sir,BRAHMASTRA Complete Maths Multicolored Formula Book Second Edition BILINGUAL by Aditya Ranjan Sir,4.6 out of 5 stars,0,₹150.00
"Think And Grow Rich [Original Edition (Complete), PREMIUM PAPERBACK]","Think And Grow Rich [Original Edition (Complete), PREMIUM PAPERBACK]",4.4 out of 5 stars,"74,159",₹99.00
Man's Search For Meaning: The classic tribute to hope from the Holocaust,Man's Search For Meaning: The classic tribute to hope from the Holocaust,4.5 out of 5 stars,0,₹183.00
The Art of Laziness: Overcome Procrastination & Improve Your Productivity,The Art of Laziness: Overcome Procrastination & Improve Your Productivity,4.2 out of 5 stars,222,₹198.00
"PW Physics Med Easy Notes | Notes, Formulas, Mnemonics, Tips & Tricks for NEET/JEE & Board Exams | MR Sir Physics Handwritten Notes","PW Physics Med Easy Notes | Notes, Formulas, Mnemonics, Tips & Tricks for NEET/JEE & Board Exams | MR Sir Physics Handwritten Notes",4.8 out of 5 stars,0,₹365.00
How to Win Friends and Influence People : Original Edition | Premium Paperback,How to Win Friends and Influence People : Original Edition | Premium Paperback,4.5 out of 5 stars,"87,322",₹99.00
Meditations,Meditations,4.3 out of 5 stars,"3,006",₹99.00
100 Baggers,100 Baggers,4.4 out of 5 stars,"1,987",₹274.00
"My First Mythology Tale (Illustrated) (Set of 5 Books) - Mahabharata, Krishna, Hanuman, Ganesha, Ramayana - Story Book for Kids - English Short Stories with Colourful Pictures - Read Aloud to Infants, Toddlers","My First Mythology Tale (Illustrated) (Set of 5 Books) - Mahabharata, Krishna, Hanuman, Ganesha, Ramayana - Story Book for Kids - English Short Stories with Colourful Pictures - Read Aloud to Infants, Toddlers",4.4 out of 5 stars,"8,187",₹176.00
THE 48 LAWS OF POWER,THE 48 LAWS OF POWER,4.6 out of 5 stars,"18,844",₹559.00
Taxmann’s New Criminal Laws Combo – Bharatiya Nyaya Sanhita 2023 (BNS) | Bharatiya Nagarik Suraksha Sanhita 2023 (BNSS) | Bharatiya Sakshya Adhiniyam 2023 (BSA) | 3 Books Set,Taxmann’s New Criminal Laws Combo – Bharatiya Nyaya Sanhita 2023 (BNS) | Bharatiya Nagarik Suraksha Sanhita 2023 (BNSS) | Bharatiya Sakshya Adhiniyam 2023 (BSA) | 3 Books Set,3.0 out of 5 stars,1,₹642.00
"Tuesdays With Morrie: An old man, a young man, and life's greatest lesson [Paperback] Albom, Mitch","Tuesdays With Morrie: An old man, a young man, and life's greatest lesson [Paperback] Albom, Mitch",4.6 out of 5 stars,"24,368",₹192.00
"Moral Story Books for Kids (Illustrated) - English Short Stories with Colourful Pictures - Bedtime Children Story Book - 3 Years to 6 Years Old Children - Read Aloud to Infants, Toddlers (Set of 10 Books)","Moral Story Books for Kids (Illustrated) - English Short Stories with Colourful Pictures - Bedtime Children Story Book - 3 Years to 6 Years Old Children - Read Aloud to Infants, Toddlers (Set of 10 Books)",4.5 out of 5 stars,"2,142",₹221.00
"THE SILENT PATIENT [Paperback] Michaelides, Alex","THE SILENT PATIENT [Paperback] Michaelides, Alex",4.5 out of 5 stars,"281,915",₹206.00
Brain Activity Book for Kids - 200+ Activities for Age 3+,Brain Activity Book for Kids - 200+ Activities for Age 3+,4.4 out of 5 stars,"4,909",₹90.00
33 Days Challenge CBSE Class 10 Final Revision Book Mathematics Standard for 2024 Board Exam (Includes Sample Papers) by Padhle Akshay,33 Days Challenge CBSE Class 10 Final Revision Book Mathematics Standard for 2024 Board Exam (Includes Sample Papers) by Padhle Akshay,4.7 out of 5 stars,0,₹229.00
29 Previous Years UPSC Civil Services IAS Prelims Topic-wise Solved Papers 1 & 2 (1995 - 2023) 14th Edition | General Studies & Aptitude (CSAT) PYQs Question Bank |,29 Previous Years UPSC Civil Services IAS Prelims Topic-wise Solved Papers 1 & 2 (1995 - 2023) 14th Edition | General Studies & Aptitude (CSAT) PYQs Question Bank |,4.3 out of 5 stars,0,₹450.00
Harry Potter and the Philosopher's Stone,Harry Potter and the Philosopher's Stone,4.7 out of 5 stars,"104,951",₹313.95
"THE SILENT PATIENT [Paperback] Michaelides, Alex","THE SILENT PATIENT [Paperback] Michaelides, Alex",4.5 out of 5 stars,"281,915",₹206.00
"Hidden Hindu, The (Book 1)","Hidden Hindu, The (Book 1)",4.4 out of 5 stars,"3,105",₹160.00
THE LION INSIDE,THE LION INSIDE,4.7 out of 5 stars,"7,632",₹279.00
The Complete Novel of Sherlock Holmes,The Complete Novel of Sherlock Holmes,4.4 out of 5 stars,"20,117",₹169.00
"Hidden Hindu, The ( Book 2)","Hidden Hindu, The ( Book 2)",4.6 out of 5 stars,"1,649",₹176.00
"How the Earth Got Its Beauty: Puffin Chapter Book: Gorgeous new full colour, illustrated chapter book for young readers from ages 5 and up by Sudha Murty [Hardcover] Murty, Sudha","How the Earth Got Its Beauty: Puffin Chapter Book: Gorgeous new full colour, illustrated chapter book for young readers from ages 5 and up by Sudha Murty [Hardcover] Murty, Sudha",4.6 out of 5 stars,0,₹129.00
"The Immortals of Meluha (Shiva Trilogy Book 1) (Shiva, 1)","The Immortals of Meluha (Shiva Trilogy Book 1) (Shiva, 1)",4.6 out of 5 stars,"19,526",₹269.00
War Of Lanka (Ram Chandra Series Book 4),War Of Lanka (Ram Chandra Series Book 4),4.3 out of 5 stars,"5,995",₹330.00
Jeysundhar D,Jeysundhar D,0,0,"₹2,000.00"
"The Hidden Hindu Book 3 [Paperback] Gupta, Akshat","The Hidden Hindu Book 3 [Paperback] Gupta, Akshat",4.6 out of 5 stars,"1,315",₹175.00
The Secret Garden,The Secret Garden,4.4 out of 5 stars,"20,003",₹139.00
The Hidden Hindu,The Hidden Hindu,4.4 out of 5 stars,0,₹879.00
Harry Potter and the Chamber of Secrets,Harry Potter and the Chamber of Secrets,4.7 out of 5 stars,"85,343",₹232.75
Harry Potter and the Prisoner of Azkaban,Harry Potter and the Prisoner of Azkaban,4.8 out of 5 stars,"73,033",₹222.30
Harry Potter and the Goblet of Fire,Harry Potter and the Goblet of Fire,4.8 out of 5 stars,"66,286",₹313.95
Harry Potter and the Deathly Hallows,Harry Potter and the Deathly Hallows,4.8 out of 5 stars,"86,023",₹313.95
Baby Touch: Tummy Time [Board book] Ladybird,Baby Touch: Tummy Time [Board book] Ladybird,4.6 out of 5 stars,0,₹292.00
Harry Potter and the Order of the Phoenix,Harry Potter and the Order of the Phoenix,4.7 out of 5 stars,"65,576",₹313.95
"Something I Never Told You [Paperback] Bhinder, Shravya","Something I Never Told You [Paperback] Bhinder, Shravya",4.4 out of 5 stars,"2,878",₹172.00
Harry Potter and the Half-Blood Prince,Harry Potter and the Half-Blood Prince,4.8 out of 5 stars,"69,991",₹313.95
"The Oath Of The Vayuputras (Shiva Trilogy Book 3) (Shiva Trilogy, 3)","The Oath Of The Vayuputras (Shiva Trilogy Book 3) (Shiva Trilogy, 3)",4.6 out of 5 stars,"10,538",₹339.00
The Immortals of Meluha,The Immortals of Meluha,4.6 out of 5 stars,0,₹210.00
Peppa Pig: 1000 First Words Sticker Book,Peppa Pig: 1000 First Words Sticker Book,4.6 out of 5 stars,0,₹259.00
A Touch of Eternity,A Touch of Eternity,4.3 out of 5 stars,"3,067",₹137.00
On Earth We're Briefly Gorgeous,On Earth We're Briefly Gorgeous,4.4 out of 5 stars,"18,155",₹299.00
"The Ram Chandra Series: Boxset of 4 Books (Ram - Scion of Ikshvaku, Sita : Warrior of Mithila, Raavan : Enemy of Aryavarta, War of Lanka)","The Ram Chandra Series: Boxset of 4 Books (Ram - Scion of Ikshvaku, Sita : Warrior of Mithila, Raavan : Enemy of Aryavarta, War of Lanka)",4.7 out of 5 stars,348,"₹1,100.00"
"War of Lanka: Ram Chandra, Book 4","War of Lanka: Ram Chandra, Book 4",4.3 out of 5 stars,0,₹225.00
The Hidden Hindu,The Hidden Hindu,4.4 out of 5 stars,"3,105",₹151.05
"The Secret Of The Nagas (Shiva Trilogy Book 2) (The Shiva Trilogy, 2)","The Secret Of The Nagas (Shiva Trilogy Book 2) (The Shiva Trilogy, 2)",4.6 out of 5 stars,"13,973",₹271.00
Breath (Lead Title),Breath (Lead Title),4.6 out of 5 stars,"25,904",₹359.00
STRANGER,STRANGER,4.6 out of 5 stars,"10,022",₹324.00
THE KOALA WHO COULD BOARD BOOK,THE KOALA WHO COULD BOARD BOOK,4.7 out of 5 stars,"6,533",₹728.00
Samsara: Enter The Valley Of The Gods,Samsara: Enter The Valley Of The Gods,4.3 out of 5 stars,"1,035",₹162.00
A Game of Thrones: Book 1 of A Song of Ice and Fire,A Game of Thrones: Book 1 of A Song of Ice and Fire,4.6 out of 5 stars,0,"₹1,101.00"
Welcome to the Hyunam-dong Bookshop (EPZ): The heart-warming Korean sensation,Welcome to the Hyunam-dong Bookshop (EPZ): The heart-warming Korean sensation,4.3 out of 5 stars,0,₹574.00
Project Hail Mary: The Sunday Times bestseller from the author of The Martian,Project Hail Mary: The Sunday Times bestseller from the author of The Martian,4.7 out of 5 stars,"110,994",₹365.00
Lethal Vows,Lethal Vows,4.3 out of 5 stars,"1,021",₹414.00
The Hidden Hindu 2,The Hidden Hindu 2,4.6 out of 5 stars,"1,649",₹167.20
The Stationery Shop Of Tehran,The Stationery Shop Of Tehran,4.4 out of 5 stars,"7,720",₹311.00
"SWAMI AND FRIENDS, R.K. Narayan","SWAMI AND FRIENDS, R.K. Narayan",4.6 out of 5 stars,"1,742",₹115.00
"RICHER, WISER, HAPPIER: HOW THE WORLD'S GREATEST INVESTORS WIN IN THE MARKETS AND LIFE","RICHER, WISER, HAPPIER: HOW THE WORLD'S GREATEST INVESTORS WIN IN THE MARKETS AND LIFE",4.7 out of 5 stars,0,₹389.00
The Secret of the Nagas,The Secret of the Nagas,4.6 out of 5 stars,0,₹220.00
"Ram - Scion Of Ikshvaku (Ram Chandra Series Book 1) (Ram Chandra, 1)","Ram - Scion Of Ikshvaku (Ram Chandra Series Book 1) (Ram Chandra, 1)",4.3 out of 5 stars,"20,694",₹309.00
THE GOPI DIARIES BOXSET: set of 3 books,THE GOPI DIARIES BOXSET: set of 3 books,4.7 out of 5 stars,0,₹766.00
Beach Read,Beach Read,4.2 out of 5 stars,0,₹275.00
THE FINE PRINT: the TikTok sensation! Meet the Dreamland Billionaires...,THE FINE PRINT: the TikTok sensation! Meet the Dreamland Billionaires...,4.2 out of 5 stars,"47,578",₹374.00
Harry Potter and the Cursed Child: Parts I & II,Harry Potter and the Cursed Child: Parts I & II,4.4 out of 5 stars,"86,108",₹539.00
"Raavan: Enemy Of Aryavarta (The Ram Chandra, 3)","Raavan: Enemy Of Aryavarta (The Ram Chandra, 3)",4.5 out of 5 stars,"16,577",₹271.00
Asterix Album 40: Asterix & the White Iris,Asterix Album 40: Asterix & the White Iris,4.3 out of 5 stars,145,₹381.00
My Darling Bride,My Darling Bride,4.4 out of 5 stars,"5,836",₹129.00
The Fake Out: a fake dating hockey romance (Vancouver Storm Book 2),The Fake Out: a fake dating hockey romance (Vancouver Storm Book 2),4.4 out of 5 stars,"9,364",₹399.00
He's Not My Type,He's Not My Type,4.5 out of 5 stars,"16,352",₹416.00
Behind the Net: a grumpy sunshine hockey romance (Vancouver Storm Book 1),Behind the Net: a grumpy sunshine hockey romance (Vancouver Storm Book 1),4.2 out of 5 stars,"23,714",₹300.00
Season's Schemings: A Holiday Hockey Rom Com,Season's Schemings: A Holiday Hockey Rom Com,4.3 out of 5 stars,"3,368",₹333.00
The Keeper (Playing To Win Book 1),The Keeper (Playing To Win Book 1),4.3 out of 5 stars,"2,846",₹415.00
Shutout (Rules of the Game),Shutout (Rules of the Game),4.4 out of 5 stars,"7,928",₹419.00
Under the Same Sky,Under the Same Sky,4.1 out of 5 stars,112,₹449.00
One Last Shot: A Second Chance Sports Romance (Frozen Hearts Series Book 3),One Last Shot: A Second Chance Sports Romance (Frozen Hearts Series Book 3),4.1 out of 5 stars,"2,272",₹416.00
Unsteady,Unsteady,4.4 out of 5 stars,"5,774",₹499.00
Offside (Rules of the Game),Offside (Rules of the Game),4.3 out of 5 stars,"18,458",₹416.00
"It Should Have Been Us: A Small Town, Second Chance Sports Romance (Bluebonnet Creek Book 1)","It Should Have Been Us: A Small Town, Second Chance Sports Romance (Bluebonnet Creek Book 1)",4.3 out of 5 stars,618,₹416.00
Faking It with the Forward: Wittmore U Hockey,Faking It with the Forward: Wittmore U Hockey,4.4 out of 5 stars,"1,447",₹415.00
The Golden Goal: A Sweet Rivals to Lovers Hockey RomCom (More Than a Game Book 1),The Golden Goal: A Sweet Rivals to Lovers Hockey RomCom (More Than a Game Book 1),4.5 out of 5 stars,156,₹414.00
"Right Man, Right Time","Right Man, Right Time",4.3 out of 5 stars,"33,606",₹414.00
Ice Bet: A Forbidden Hockey Romance (Bexley U),Ice Bet: A Forbidden Hockey Romance (Bexley U),4.4 out of 5 stars,"2,264",₹414.00
Caught on Camera: A Spicy Fake Dating Romance (Love through a Lens Book 2),Caught on Camera: A Spicy Fake Dating Romance (Love through a Lens Book 2),4.4 out of 5 stars,"1,319",₹332.00
Nanny for the Athletes: A Reverse Harem Romance,Nanny for the Athletes: A Reverse Harem Romance,4.3 out of 5 stars,758,₹99.00
Sticks and Stones (Shadow Valley U Book 1),Sticks and Stones (Shadow Valley U Book 1),4.3 out of 5 stars,"1,687",₹415.00
The Proposal,The Proposal,4.5 out of 5 stars,"5,321",₹416.00
The Pucking Wrong Guy: A Hockey Romance (The Pucking Wrong Series Book 2),The Pucking Wrong Guy: A Hockey Romance (The Pucking Wrong Series Book 2),4.4 out of 5 stars,"5,750",₹416.00
Lords of Pain (Dark College Bully Romance): Royals of Forsyth University,Lords of Pain (Dark College Bully Romance): Royals of Forsyth University,4.4 out of 5 stars,"13,618",₹410.00
Meet Your Match: An Enemies-to-Lovers Hockey Romance (Kings of the Ice),Meet Your Match: An Enemies-to-Lovers Hockey Romance (Kings of the Ice),4.3 out of 5 stars,"6,576",₹499.00
"Carrie Soto Is Back: From the author of The Seven Husbands of Evelyn Hugo [Paperback] Reid, Taylor Jenkins","Carrie Soto Is Back: From the author of The Seven Husbands of Evelyn Hugo [Paperback] Reid, Taylor Jenkins",4.4 out of 5 stars,"33,724",₹489.00
Matching All the Way,Matching All the Way,4.2 out of 5 stars,"1,589",₹449.00
Bad Intentions: A Dark Hockey Bully Romance (Hellions of Hade Harbor Book 1),Bad Intentions: A Dark Hockey Bully Romance (Hellions of Hade Harbor Book 1),4.5 out of 5 stars,"3,298",₹449.00
Mine To Take: Small town second chance sports romance. (Southern Weddings Book 5),Mine To Take: Small town second chance sports romance. (Southern Weddings Book 5),4.5 out of 5 stars,"3,547",₹410.00
Until I Get You: A Hockey Romance Novel,Until I Get You: A Hockey Romance Novel,4.4 out of 5 stars,"14,322",₹449.00
Kiss and Don't Tell,Kiss and Don't Tell,4.3 out of 5 stars,"22,596",₹414.00
Body Check (Seattle Serpents),Body Check (Seattle Serpents),4.2 out of 5 stars,"2,178",₹413.00
Watch Your Mouth: A Brother's Best Friend Hockey Romance (Kings of the Ice),Watch Your Mouth: A Brother's Best Friend Hockey Romance (Kings of the Ice),4.4 out of 5 stars,"4,964",₹499.00
Princess and the Player (Strangers in Love),Princess and the Player (Strangers in Love),4.3 out of 5 stars,"13,591",₹129.00
Lucky Hit (Swift Hat-Trick Trilogy Book 1),Lucky Hit (Swift Hat-Trick Trilogy Book 1),4.1 out of 5 stars,"6,058",₹331.00
Athlete's Baby Romance Series Box Set,Athlete's Baby Romance Series Box Set,4.1 out of 5 stars,61,₹82.00
The Graham Effect,The Graham Effect,4.5 out of 5 stars,"16,043",₹318.60
Head In The Game: A Forbidden MM Sports Romance,Head In The Game: A Forbidden MM Sports Romance,4.4 out of 5 stars,774,₹332.00
Iced Out: A Rival's Sister Hockey Romance (Heston U Hotshots Book 1),Iced Out: A Rival's Sister Hockey Romance (Heston U Hotshots Book 1),4.3 out of 5 stars,"7,445",₹415.00
Find Me in the Rain: Hockey Romance (Nighthawks Book 1),Find Me in the Rain: Hockey Romance (Nighthawks Book 1),3.7 out of 5 stars,"3,735",₹413.00
Rules Of The Game: A College Hockey Romance (Rule Breaker Series Book 2),Rules Of The Game: A College Hockey Romance (Rule Breaker Series Book 2),4.2 out of 5 stars,"2,634",₹415.00
Her Greatest Mistake (Greatest Love series Book 1),Her Greatest Mistake (Greatest Love series Book 1),4.3 out of 5 stars,"5,463",₹332.00
Big Stick Energy (Arctic Titans of Northwood U Book 3),Big Stick Energy (Arctic Titans of Northwood U Book 3),4.4 out of 5 stars,453,₹449.00
Haven (The Defiant Kings Book 5),Haven (The Defiant Kings Book 5),4.6 out of 5 stars,920,₹415.00
Beautiful Fiend: A Dark Enemies to Lovers Romance (North Shore Stories Book 1),Beautiful Fiend: A Dark Enemies to Lovers Romance (North Shore Stories Book 1),4.3 out of 5 stars,554,₹327.00
Not My Romeo (The Game Changers Book 1),Not My Romeo (The Game Changers Book 1),4.5 out of 5 stars,"17,235",₹129.00
The Ice Kiss: Standalone Fake Relationship Hockey Romance (Morally Grey Billionaires),The Ice Kiss: Standalone Fake Relationship Hockey Romance (Morally Grey Billionaires),4.1 out of 5 stars,"1,170",₹499.00
Trick Play: A Fake Dating Hockey Romance (Heston U Hotshots),Trick Play: A Fake Dating Hockey Romance (Heston U Hotshots),4.1 out of 5 stars,"1,561",₹331.00
Absolutely Not in Love: A Sweet Hockey RomCom,Absolutely Not in Love: A Sweet Hockey RomCom,4.5 out of 5 stars,"2,037",₹414.00
No Pucking Way: A Dark Mafia Hockey Romance (Rich Demons of Hockey Book 1),No Pucking Way: A Dark Mafia Hockey Romance (Rich Demons of Hockey Book 1),4.2 out of 5 stars,"1,348",₹416.00
The C*ck Down the Block (The Cocky Kingmans Book 1),The C*ck Down the Block (The Cocky Kingmans Book 1),4.1 out of 5 stars,"6,027",₹299.00
Before We Came: A Brother's Best Friend Hockey Romance (Lakes Hockey Book 1) (Lakes Hockey Series),Before We Came: A Brother's Best Friend Hockey Romance (Lakes Hockey Book 1) (Lakes Hockey Series),4.3 out of 5 stars,"1,336",₹416.00
"THE SILENT PATIENT [Paperback] Michaelides, Alex","THE SILENT PATIENT [Paperback] Michaelides, Alex",4.5 out of 5 stars,"281,915",₹206.00
"Hidden Hindu, The (Book 1)","Hidden Hindu, The (Book 1)",4.4 out of 5 stars,"3,105",₹160.00
The Perfect Murder,The Perfect Murder,3.9 out of 5 stars,"1,713",₹149.47
"When She Loves: A Dark Mafia, Arranged Marriage Romance (The Fallen Book 4)","When She Loves: A Dark Mafia, Arranged Marriage Romance (The Fallen Book 4)",4.4 out of 5 stars,"2,961",₹416.00
"Best Books Series Set of 3 Hidden Hindu Triology | The Hidden Hindu + The Hidden Hindu 2 + The Hidden Hindu 3 | Saat Chiranjeevi ""सात चिरंजीवी"" Book in Hindi by Akshat Gupta- PB","Best Books Series Set of 3 Hidden Hindu Triology | The Hidden Hindu + The Hidden Hindu 2 + The Hidden Hindu 3 | Saat Chiranjeevi ""सात चिरंजीवी"" Book in Hindi by Akshat Gupta- PB",4.2 out of 5 stars,97,₹477.00
The Hidden Hindu (Hindi Translation of The Hidden Hindu) Paperback,The Hidden Hindu (Hindi Translation of The Hidden Hindu) Paperback,4.5 out of 5 stars,"1,790",₹170.00
The Complete Novel of Sherlock Holmes,The Complete Novel of Sherlock Holmes,4.4 out of 5 stars,"20,117",₹169.00
"VERITY [Paperback] Hoover, Colleen","VERITY [Paperback] Hoover, Colleen",4.3 out of 5 stars,"262,006",₹190.00
Tempted By The Devil (Kings Of Mafia),Tempted By The Devil (Kings Of Mafia),4.3 out of 5 stars,"9,212",₹416.00
"That Night: Four Friends, Twenty Years,","That Night: Four Friends, Twenty Years,",4.3 out of 5 stars,"2,547",₹162.00
Kunex It Ends With Us : ''Sometimes The One Who Loves You Is The One Who Hurts You The Most'',Kunex It Ends With Us : ''Sometimes The One Who Loves You Is The One Who Hurts You The Most'',4.5 out of 5 stars,"278,003",₹295.00
Three Sisters: A BRAND NEW completely addictive psychological thriller,Three Sisters: A BRAND NEW completely addictive psychological thriller,4.1 out of 5 stars,0,₹240.23
"Hidden Hindu, The ( Book 2)","Hidden Hindu, The ( Book 2)",4.6 out of 5 stars,"1,649",₹176.00
Silent Vows: A Mafia Arranged Marriage Romance (The Byrne Brothers Book 1),Silent Vows: A Mafia Arranged Marriage Romance (The Byrne Brothers Book 1),4.3 out of 5 stars,"12,954",₹399.00
A Good Girl's Guide to Murder (Box Set of 3 Books),A Good Girl's Guide to Murder (Box Set of 3 Books),4.6 out of 5 stars,"1,384",₹837.00
God of Malice: A Dark College Romance (Legacy of Gods Book 1),God of Malice: A Dark College Romance (Legacy of Gods Book 1),4.5 out of 5 stars,"22,130",₹416.00
Haunting Adeline (Cat and Mouse Duet Book 1),Haunting Adeline (Cat and Mouse Duet Book 1),4.3 out of 5 stars,"74,975",₹265.00
"The Hidden Hindu Book 3 ""द हिडन हिंदू-3"" - अक्षत गुप्ता 3rd Book of Hidden Hindu Triology (Hindi Version) - Akshat Gupta","The Hidden Hindu Book 3 ""द हिडन हिंदू-3"" - अक्षत गुप्ता 3rd Book of Hidden Hindu Triology (Hindi Version) - Akshat Gupta",4.6 out of 5 stars,233,₹180.00
The Housemaid: An absolutely addictive psychological thriller with a jaw-dropping twist,The Housemaid: An absolutely addictive psychological thriller with a jaw-dropping twist,4.3 out of 5 stars,"218,700",₹249.00
The Housemaid: An absolutely addictive psychological thriller with a jaw-dropping twist Freida Mcfadden,The Housemaid: An absolutely addictive psychological thriller with a jaw-dropping twist Freida Mcfadden,4.3 out of 5 stars,0,₹258.00
War Of Lanka (Ram Chandra Series Book 4),War Of Lanka (Ram Chandra Series Book 4),4.3 out of 5 stars,"5,995",₹330.00
The Hidden Hindu,The Hidden Hindu,4.4 out of 5 stars,0,₹879.00
And Then There Were None: The World’s Favourite Agatha Christie Book: The World’s Favourite Agatha Christie Book,And Then There Were None: The World’s Favourite Agatha Christie Book: The World’s Favourite Agatha Christie Book,4.6 out of 5 stars,0,₹278.00
"Good Girl, Bad Blood - The Sunday Times Bestseller And Seque","Good Girl, Bad Blood - The Sunday Times Bestseller And Seque",4.5 out of 5 stars,"21,686",₹315.00
Craving Danger (Kings Of Mafia),Craving Danger (Kings Of Mafia),4.4 out of 5 stars,"3,457",₹416.00
CAIN'S JAWBONE: A Novel Problem,CAIN'S JAWBONE: A Novel Problem,4.6 out of 5 stars,"3,436",₹348.16
Anxious People,Anxious People,4.5 out of 5 stars,"65,171",₹363.00
The Sweetest Oblivion (Made Book 1),The Sweetest Oblivion (Made Book 1),4.3 out of 5 stars,"41,477",₹292.00
The Girl In Room 105,The Girl In Room 105,4.2 out of 5 stars,"30,297",₹173.00
God of Pain: A Grumpy Sunshine College Romance (Legacy of Gods Book 2),God of Pain: A Grumpy Sunshine College Romance (Legacy of Gods Book 2),4.4 out of 5 stars,"12,204",₹449.00
"How Not To Murder Your Ex: A BRAND NEW clever, laugh-out-loud, cosy mystery from Katie Marsh (The Bad Girls Detective Agency Book 1)","How Not To Murder Your Ex: A BRAND NEW clever, laugh-out-loud, cosy mystery from Katie Marsh (The Bad Girls Detective Agency Book 1)",4.1 out of 5 stars,"1,147",₹86.54
Crime And Punishment,Crime And Punishment,4.5 out of 5 stars,"13,732",₹244.00
The Adventures of Sherlock Holmes (AmazonClassics Edition),The Adventures of Sherlock Holmes (AmazonClassics Edition),4.5 out of 5 stars,"1,707",₹129.15
இவன் ராவணன்: Ivan Ravanan (Tamil Edition),இவன் ராவணன்: Ivan Ravanan (Tamil Edition),4.1 out of 5 stars,0,₹575.00
Yellow Face: The instant #1 Sunday Times bestseller and Reese Witherspoon Book Club pick from author R.F. Kuang,Yellow Face: The instant #1 Sunday Times bestseller and Reese Witherspoon Book Club pick from author R.F. Kuang,4.0 out of 5 stars,0,₹462.00
The Devil’s Kiss: An Arranged Marriage Mafia Romance (The Devils Series),The Devil’s Kiss: An Arranged Marriage Mafia Romance (The Devils Series),4.5 out of 5 stars,837,₹199.00
Once You're Mine: A Dark Stalker Romance (Possessing Her Book 1),Once You're Mine: A Dark Stalker Romance (Possessing Her Book 1),4.2 out of 5 stars,"5,490",₹415.00
400 Days,400 Days,4.4 out of 5 stars,"11,204",₹188.00
Brutal Prince: An Enemies To Lovers Mafia Romance (Brutal Birthright Book 1),Brutal Prince: An Enemies To Lovers Mafia Romance (Brutal Birthright Book 1),4.2 out of 5 stars,"33,464",₹413.00
The Housemaid's Secret: A totally gripping psychological thriller with a shocking twist,The Housemaid's Secret: A totally gripping psychological thriller with a shocking twist,4.3 out of 5 stars,"120,015",₹299.00
The Reaper: An Enemies to Lovers Dark Romance (Dark Verse Book 2),The Reaper: An Enemies to Lovers Dark Romance (Dark Verse Book 2),4.7 out of 5 stars,"9,570",₹250.00
"My Best Friend's Secret: A BRAND NEW dark, addictive psychological thriller from Danielle Ramsay, author of The Perfect Husband","My Best Friend's Secret: A BRAND NEW dark, addictive psychological thriller from Danielle Ramsay, author of The Perfect Husband",4.3 out of 5 stars,169,₹261.17
As Good As Dead,As Good As Dead,4.5 out of 5 stars,"14,006",₹337.00
"The Family Upstairs: The #1 bestseller and gripping Richard & Judy Book Club pick (The Family Upstairs, 1) [Paperback] Jewell, Lisa","The Family Upstairs: The #1 bestseller and gripping Richard & Judy Book Club pick (The Family Upstairs, 1) [Paperback] Jewell, Lisa",4.2 out of 5 stars,"78,172",₹330.00
Cruel Lies: Forbidden Age Gap Mafia Romance (Messina Crime Family Book 2),Cruel Lies: Forbidden Age Gap Mafia Romance (Messina Crime Family Book 2),4.3 out of 5 stars,617,₹449.00
மீண்டு(ம்) வந்த சிலையே ! (Tamil Edition),மீண்டு(ம்) வந்த சிலையே ! (Tamil Edition),4.6 out of 5 stars,23,₹449.00
The Best of Sherlock Holmes (Set of 2 Books),The Best of Sherlock Holmes (Set of 2 Books),4.6 out of 5 stars,0,₹349.00
"War of Lanka: Ram Chandra, Book 4","War of Lanka: Ram Chandra, Book 4",4.3 out of 5 stars,0,₹225.00
The Picture of Dorian Gray (Deluxe Hardbound Edition),The Picture of Dorian Gray (Deluxe Hardbound Edition),4.7 out of 5 stars,600,₹324.00
A Mussoorie Mystery,A Mussoorie Mystery,4.1 out of 5 stars,289,₹149.47
"Grandma's Bag of Stories: Collection of 20+ Illustrated short stories, traditional Indian folk tales for all ages for children of all ages by Sudha Murty [Paperback] Sudha Murty","Grandma's Bag of Stories: Collection of 20+ Illustrated short stories, traditional Indian folk tales for all ages for children of all ages by Sudha Murty [Paperback] Sudha Murty",4.6 out of 5 stars,0,₹162.00
The 5 AM Club,The 5 AM Club,4.5 out of 5 stars,"30,939",₹240.00
"Arihant Current Affairs Yearly 2024 | Sectionwise Coverage of 400+ MCQs | Useful for UPSC, State PSCs, NDA/NA, CDS , SSC(CGL, MTS ,CHSL, Constable) and other National & State Level Competitive Exams","Arihant Current Affairs Yearly 2024 | Sectionwise Coverage of 400+ MCQs | Useful for UPSC, State PSCs, NDA/NA, CDS , SSC(CGL, MTS ,CHSL, Constable) and other National & State Level Competitive Exams",4.9 out of 5 stars,28,₹103.00
Shlokas and Mantras - Activity Book For Kids - Illustrated Book With Engaging Activities and Sticker Sheets,Shlokas and Mantras - Activity Book For Kids - Illustrated Book With Engaging Activities and Sticker Sheets,4.6 out of 5 stars,535,₹149.00
Rich Dad Poor Dad: 25th Anniversary Edit,Rich Dad Poor Dad: 25th Anniversary Edit,4.5 out of 5 stars,"27,148",₹399.00
Oswaal CBSE Sample Question Papers Class 10 Social Science Book (For Board Exams 2024) | 2023-24,Oswaal CBSE Sample Question Papers Class 10 Social Science Book (For Board Exams 2024) | 2023-24,4.5 out of 5 stars,0,₹270.00
"Writing Practice Boxset: Pack of 4 Books (Writing Fun: Write And Practice Capital Letters, Small Letters, Patterns and Numbers 1 to 10)","Writing Practice Boxset: Pack of 4 Books (Writing Fun: Write And Practice Capital Letters, Small Letters, Patterns and Numbers 1 to 10)",4.3 out of 5 stars,"12,073",₹199.00
Math Concept King - All Formulas and Theorum Latest 2023 Edition | Gagan Pratap Sir | Champion Publication,Math Concept King - All Formulas and Theorum Latest 2023 Edition | Gagan Pratap Sir | Champion Publication,4.2 out of 5 stars,0,₹120.00
"Quantitative Aptitude for Competitive Examinations All Government and Entrance Exams (Banking, SSC, Railway, Police, Civil Service, etc.) 40 Videos | 2000+ Solved Examples | 10000+ Practice Questions","Quantitative Aptitude for Competitive Examinations All Government and Entrance Exams (Banking, SSC, Railway, Police, Civil Service, etc.) 40 Videos | 2000+ Solved Examples | 10000+ Practice Questions",4.3 out of 5 stars,"1,995",₹535.00
How to Talk to Anyone: 92 Little Tricks for Big Success in Relationships,How to Talk to Anyone: 92 Little Tricks for Big Success in Relationships,4.4 out of 5 stars,"12,244",₹245.00
World’s Greatest Books For Personal Growth & Wealth (Set of 4 Books) : Perfect Motivational Gift Set,World’s Greatest Books For Personal Growth & Wealth (Set of 4 Books) : Perfect Motivational Gift Set,4.5 out of 5 stars,0,₹339.00
"Oswal - Gurukul Last Years 10 Solved Papers for CBSE Class 10 Exam 2024 - Yearwise Board Solutions of Math Standard, English, Science & Social Science (All Sets Delhi & Outside), Latest Syllabus","Oswal - Gurukul Last Years 10 Solved Papers for CBSE Class 10 Exam 2024 - Yearwise Board Solutions of Math Standard, English, Science & Social Science (All Sets Delhi & Outside), Latest Syllabus",4.4 out of 5 stars,395,₹794.00
Price Action Trading : Technical Analysis Simplified! by Sunil Gurjar (Chartmojo) - Chart Patterns | Candlestick Patterns | Breakout Patterns & Lot More !,Price Action Trading : Technical Analysis Simplified! by Sunil Gurjar (Chartmojo) - Chart Patterns | Candlestick Patterns | Breakout Patterns & Lot More !,4.3 out of 5 stars,0,₹318.00
All Religions Are Not The Same,All Religions Are Not The Same,4.9 out of 5 stars,65,₹387.00
"My First 1000 Words: Early Learning Picture Book to learn Alphabet, Numbers, Shapes and Colours, Transport, Birds and Animals, Professions, Opposite Words, Action Words, Parts of the body and Objects Around Us.","My First 1000 Words: Early Learning Picture Book to learn Alphabet, Numbers, Shapes and Colours, Transport, Birds and Animals, Professions, Opposite Words, Action Words, Parts of the body and Objects Around Us.",4.5 out of 5 stars,"8,265",₹159.00
Oswaal CBSE Sample Question Papers Class 10 English Language & Literature Book (For 2024 Exam),Oswaal CBSE Sample Question Papers Class 10 English Language & Literature Book (For 2024 Exam),4.3 out of 5 stars,0,₹235.00
Educart Abhyaas NEET UG Mock Test Papers 2024 Final Booklets - Full Syllabus & Unitwise (Includes Supplement Revision Book on New Syllabus Additional Topics and OMR Sheets),Educart Abhyaas NEET UG Mock Test Papers 2024 Final Booklets - Full Syllabus & Unitwise (Includes Supplement Revision Book on New Syllabus Additional Topics and OMR Sheets),4.8 out of 5 stars,0,₹967.00
"201 Maths Activity Book - Fun Activities and Math Exercises For Children: Knowing Numbers, Addition-Subtraction, Fractions, BODMAS","201 Maths Activity Book - Fun Activities and Math Exercises For Children: Knowing Numbers, Addition-Subtraction, Fractions, BODMAS",4.4 out of 5 stars,229,₹99.00
"Oxford Student Atlas for India, Fourth Edition - Useful for Competitive Exams","Oxford Student Atlas for India, Fourth Edition - Useful for Competitive Exams",4.5 out of 5 stars,0,₹258.00
"Same As Ever: Timeless Lessons on Risk, Opportunity and Living a Good Life","Same As Ever: Timeless Lessons on Risk, Opportunity and Living a Good Life",4.4 out of 5 stars,974,₹321.00
The Power of A Positive Attitude: Your Road To Success,The Power of A Positive Attitude: Your Road To Success,4.4 out of 5 stars,"4,295",₹99.00
Aapke Avchetan Mann Ki Shakti (The Power Of Your Subconscious Mind In Hindi),Aapke Avchetan Mann Ki Shakti (The Power Of Your Subconscious Mind In Hindi),4.4 out of 5 stars,"13,924",₹99.00
An Uncommon Love : The Early Life of Sudha and Narayana Murthy,An Uncommon Love : The Early Life of Sudha and Narayana Murthy,5.0 out of 5 stars,1,₹575.00
Think And Grow Rich - Hindi,Think And Grow Rich - Hindi,4.4 out of 5 stars,"10,278",₹99.00
"PW NTA NEET Rankers Test Series - 2024 Based on the New Syllabus by NMC | 10 Full Syllabus + 4 Part Syllabus (Class 11th & 12th) | OMR Sheet, Detailed Solutions, Rank Predictor, State-wise College Cut-off","PW NTA NEET Rankers Test Series - 2024 Based on the New Syllabus by NMC | 10 Full Syllabus + 4 Part Syllabus (Class 11th & 12th) | OMR Sheet, Detailed Solutions, Rank Predictor, State-wise College Cut-off",4.2 out of 5 stars,0,₹549.00
"Energize Your Mind: Learn the Art of Mastering Your Thoughts, Feelings and Emotions","Energize Your Mind: Learn the Art of Mastering Your Thoughts, Feelings and Emotions",4.6 out of 5 stars,"3,119",₹161.00
Nursery Rhymes Board Book (My First Book Series): Illustrated Classic Nursery Rhymes,Nursery Rhymes Board Book (My First Book Series): Illustrated Classic Nursery Rhymes,4.6 out of 5 stars,"4,391",₹179.00
Lucent General Knowledge - New Reduced Price Ediiton - 13th - Edition for 2024 Exams and Increased Number of Pages (458 Pages) - [Original Copy Only - ENGLISH MEDIUM],Lucent General Knowledge - New Reduced Price Ediiton - 13th - Edition for 2024 Exams and Increased Number of Pages (458 Pages) - [Original Copy Only - ENGLISH MEDIUM],4.4 out of 5 stars,0,₹249.00
"NTA UGC NET /SET/JRF Paper 1, Teaching and Research Aptitude – 2023, Includes latest 2022 paper and 2600+ Practice Questions with Solutions | Includes NEP - 2020| 7th Edition - By Pearson","NTA UGC NET /SET/JRF Paper 1, Teaching and Research Aptitude – 2023, Includes latest 2022 paper and 2600+ Practice Questions with Solutions | Includes NEP - 2020| 7th Edition - By Pearson",4.4 out of 5 stars,945,₹321.00
"Think Straight: Change your thoughts, Change your life [Paperback] Foroux, Darius","Think Straight: Change your thoughts, Change your life [Paperback] Foroux, Darius",4.2 out of 5 stars,"12,892",₹139.00
"Courage To Be Disliked, The: How to free yourself, change your life and achieve real happiness (Courage To series)","Courage To Be Disliked, The: How to free yourself, change your life and achieve real happiness (Courage To series)",4.5 out of 5 stars,0,₹329.00
"Hidden Hindu, The (Book 1)","Hidden Hindu, The (Book 1)",4.4 out of 5 stars,"3,105",₹160.00
101 Copy Coloring: Fun Activity Book For Children,101 Copy Coloring: Fun Activity Book For Children,4.5 out of 5 stars,"1,852",₹149.00
101 Tales The Great Panchatantra Collection - Collection of Witty Moral Stories For Kids For Personality Development (Hardback),101 Tales The Great Panchatantra Collection - Collection of Witty Moral Stories For Kids For Personality Development (Hardback),4.5 out of 5 stars,"1,782",₹399.00
Bhagvad Gita As It Is English New Edition,Bhagvad Gita As It Is English New Edition,4.8 out of 5 stars,0,₹310.00
My First Complete Learning Library: Boxset of 20 Board Books Gift Set for Kids (Horizontal Design),My First Complete Learning Library: Boxset of 20 Board Books Gift Set for Kids (Horizontal Design),4.6 out of 5 stars,"14,683",₹799.00
"THE POWER OF YOUR SUBCONSCIOUS MIND [Original Edition (Complete), PREMIUM PAPERBACK]","THE POWER OF YOUR SUBCONSCIOUS MIND [Original Edition (Complete), PREMIUM PAPERBACK]",4.5 out of 5 stars,"80,238",₹115.00
Modern India | Brief History | Spectrum | Rajiv Ahir | UPSC | Civil Services Exam | State Administrative Exams - 2023/edition,Modern India | Brief History | Spectrum | Rajiv Ahir | UPSC | Civil Services Exam | State Administrative Exams - 2023/edition,4.2 out of 5 stars,143,₹445.00
UP Constable MATHS by Aditya Ranjan Sir,UP Constable MATHS by Aditya Ranjan Sir,5.0 out of 5 stars,0,₹120.00
Shlokas and Mantras For Kids – English/Sanskrit | Illustrated Board Book for Children with Clear Text | Sanskrit Shlokas/Mantras with English Meaning | Book on India’s Rich Culture and Tradition | Round Edges | Age: 3+ | 6in. x 6in.,Shlokas and Mantras For Kids – English/Sanskrit | Illustrated Board Book for Children with Clear Text | Sanskrit Shlokas/Mantras with English Meaning | Book on India’s Rich Culture and Tradition | Round Edges | Age: 3+ | 6in. x 6in.,4.7 out of 5 stars,513,₹199.00
Breaking the Mould : Reimagining India's Economic Future,Breaking the Mould : Reimagining India's Economic Future,4.5 out of 5 stars,0,₹602.00
"Story Books for Kids (Set of 5 Books) (Illustrated) - Indian Scientists - Biographies for Children - 6 Years to 10 Years Old - CV Raman, Homi Bhabha, Ramanujan, Vikram Sarabhai, Abdul Kalam","Story Books for Kids (Set of 5 Books) (Illustrated) - Indian Scientists - Biographies for Children - 6 Years to 10 Years Old - CV Raman, Homi Bhabha, Ramanujan, Vikram Sarabhai, Abdul Kalam",4.4 out of 5 stars,356,₹118.00
THE CONCISE 48 LAWS OF POWER,THE CONCISE 48 LAWS OF POWER,4.4 out of 5 stars,"5,985",₹249.00
Trading Chart Pattern Book In Hindi | Includes Candlestick & Breakout Patterns | Indicators & Risk Management |,Trading Chart Pattern Book In Hindi | Includes Candlestick & Breakout Patterns | Indicators & Risk Management |,4.1 out of 5 stars,0,₹286.00
Arihant CBSE Sample Question Paper Class 10 Science Book For 2024 Board Exam,Arihant CBSE Sample Question Paper Class 10 Science Book For 2024 Board Exam,4.3 out of 5 stars,0,₹177.00
The Almanack Of Naval Ravikant: A Guide to Wealth and Happiness,The Almanack Of Naval Ravikant: A Guide to Wealth and Happiness,4.6 out of 5 stars,"16,695",₹280.00
Bhagvad Gita As It Is English New Edition,Bhagvad Gita As It Is English New Edition,4.7 out of 5 stars,"10,814",₹310.00
"Little Colouring Books for Kids (Set of 10 Books) - Gift to children for painting, drawing and colouring - Alphabets, Animals, Birds, Flags, Flowers, ... Transport, Vegetables - 3 to 6 years old [Paperback] Maple Press","Little Colouring Books for Kids (Set of 10 Books) - Gift to children for painting, drawing and colouring - Alphabets, Animals, Birds, Flags, Flowers, ... Transport, Vegetables - 3 to 6 years old [Paperback] Maple Press",4.3 out of 5 stars,"3,528",₹190.00
Think and Grow Rich: THE 21st CENTURY EDITION,Think and Grow Rich: THE 21st CENTURY EDITION,4.5 out of 5 stars,"5,219",₹99.00
Tales from Indian Mythology Collection of 10 Books Story Books For Kids,Tales from Indian Mythology Collection of 10 Books Story Books For Kids,4.5 out of 5 stars,599,₹329.00
Origin,Origin,4.2 out of 5 stars,0,₹329.00
The Everyday Hero Manifeto,The Everyday Hero Manifeto,4.6 out of 5 stars,"2,659",₹267.00
My Life in Full,My Life in Full,4.6 out of 5 stars,0,₹310.00
Harry Potter and the Philosopher's Stone: Illustrated [Kindle in Motion] (Illustrated Harry Potter Book 1),Harry Potter and the Philosopher's Stone: Illustrated [Kindle in Motion] (Illustrated Harry Potter Book 1),4.8 out of 5 stars,0,₹313.95
Humankind,Humankind,4.6 out of 5 stars,"6,989",₹357.00
Velpari ( வீரயுக நாயகன் வேள் பாரி ),Velpari ( வீரயுக நாயகன் வேள் பாரி ),4.7 out of 5 stars,0,"₹1,525.00"
BE BRAVE LITTLE PENGUIN,BE BRAVE LITTLE PENGUIN,4.8 out of 5 stars,"1,335",₹315.00
Sohail Rekhy,Sohail Rekhy,0,0,₹385.00
"Sita: Warrior Of Mithila (Ram Chandra Series Book 2) (Ram Chandra, 2)","Sita: Warrior Of Mithila (Ram Chandra Series Book 2) (Ram Chandra, 2)",4.4 out of 5 stars,"17,560",₹340.00
One Ted Falls Out of Bed: A Counting Story,One Ted Falls Out of Bed: A Counting Story,4.6 out of 5 stars,237,₹292.00
The Rozabal Line: Bharat Series 1,The Rozabal Line: Bharat Series 1,4.0 out of 5 stars,"1,990",₹259.00
"THE GUIDE, R.K. Narayan","THE GUIDE, R.K. Narayan",4.5 out of 5 stars,"1,221",₹122.00
The Catcher in the Rye,The Catcher in the Rye,4.2 out of 5 stars,"36,664",₹406.25
சரணடைந்தேன் கண்மணியே -part 1: Saranadainthen Kanmaniye- part 1 (Tamil Edition),சரணடைந்தேன் கண்மணியே -part 1: Saranadainthen Kanmaniye- part 1 (Tamil Edition),4.3 out of 5 stars,145,₹225.00
"The Oath of the Vayuputras (English): Shiva Trilogy, Book 3","The Oath of the Vayuputras (English): Shiva Trilogy, Book 3",4.6 out of 5 stars,0,₹245.00
White Nights,White Nights,4.5 out of 5 stars,945,₹85.00
THE NAME OF THE WIND: THE KINGKILLER CHRONICLE: BOOK 1,THE NAME OF THE WIND: THE KINGKILLER CHRONICLE: BOOK 1,4.5 out of 5 stars,"76,332",₹415.00
Hogwarts: An Incomplete and Unreliable Guide (Kindle Single) (Pottermore Presents Book 3),Hogwarts: An Incomplete and Unreliable Guide (Kindle Single) (Pottermore Presents Book 3),4.5 out of 5 stars,"16,377",₹103.95
Good Omens,Good Omens,4.5 out of 5 stars,"32,941",₹368.00
Piranesi,Piranesi,4.4 out of 5 stars,"26,594",₹369.00
Oliver Twist-fingerprint,Oliver Twist-fingerprint,4.4 out of 5 stars,"10,794",₹189.00
"Traitors Gate: Out now, the latest William Warwick crime thriller, new for 2023 from the Sunday Times bestselling author of NEXT IN LINE (William Warwick Novels)","Traitors Gate: Out now, the latest William Warwick crime thriller, new for 2023 from the Sunday Times bestselling author of NEXT IN LINE (William Warwick Novels)",4.4 out of 5 stars,"5,710",₹251.77
Six of Crows: Crooked Kingdom,Six of Crows: Crooked Kingdom,4.7 out of 5 stars,"36,177",₹296.00
The Cruel Prince (The Folk of the Air),The Cruel Prince (The Folk of the Air),4.5 out of 5 stars,"40,221",₹324.00
The Magicians of Mazda Paperback – 21 May 2022,The Magicians of Mazda Paperback – 21 May 2022,4.4 out of 5 stars,0,₹277.00
The Wind In The Willows,The Wind In The Willows,4.4 out of 5 stars,"8,415",₹109.00
Wildfire,Wildfire,4.2 out of 5 stars,0,₹324.00
THE MAIDENS: The instant Sunday Times bestseller from the author of The Silent Patient,THE MAIDENS: The instant Sunday Times bestseller from the author of The Silent Patient,4.0 out of 5 stars,"23,356",₹352.00
LEGENDARY: THE MAGICAL SEQUEL TO THE BESTSELLING CARAVAL,LEGENDARY: THE MAGICAL SEQUEL TO THE BESTSELLING CARAVAL,4.5 out of 5 stars,"9,201",₹488.00
Saat Chiranjeevi (Hindi Edition),Saat Chiranjeevi (Hindi Edition),4.0 out of 5 stars,0,₹75.00
"Ice Candy Man [Paperback] Sidhwa, Bapsi","Ice Candy Man [Paperback] Sidhwa, Bapsi",4.5 out of 5 stars,247,₹202.00
THE CONCISE LAWS OF HUMAN NATURE,THE CONCISE LAWS OF HUMAN NATURE,4.5 out of 5 stars,"1,054",₹259.00
War Of Lanka (Ram Chandra Series Book 4),War Of Lanka (Ram Chandra Series Book 4),4.3 out of 5 stars,"5,995",₹242.25
The Lord of the Rings Boxed Set: The Classic Bestselling Fantasy Novel,The Lord of the Rings Boxed Set: The Classic Bestselling Fantasy Novel,4.3 out of 5 stars,171,"₹1,328.00"
THE SQUIRRELS WHO SQUABBLED,THE SQUIRRELS WHO SQUABBLED,4.7 out of 5 stars,"5,359",₹267.00
DORK DIARIES : I LOVE PARIS!,DORK DIARIES : I LOVE PARIS!,4.7 out of 5 stars,0,₹227.00
தீயில் தென்றலாய் உறவிதுவோ: theeyil thendralaai uravithuvo (Tamil Edition),தீயில் தென்றலாய் உறவிதுவோ: theeyil thendralaai uravithuvo (Tamil Edition),4.5 out of 5 stars,264,₹199.00
The Hidden Hindu 3,The Hidden Hindu 3,4.6 out of 5 stars,"1,315",₹166.25
Republic,Republic,4.4 out of 5 stars,"5,204",₹120.00
Navneet Practice Papers And Activity Sheet-2024-10 Th Class-English Medium,Navneet Practice Papers And Activity Sheet-2024-10 Th Class-English Medium,5.0 out of 5 stars,0,₹300.00
Secret Mafia Daddy: A Forced Marriage Romance (Alpha Mafia Daddies),Secret Mafia Daddy: A Forced Marriage Romance (Alpha Mafia Daddies),4.2 out of 5 stars,916,₹332.00
ANGELS & DEMONS,ANGELS & DEMONS,4.6 out of 5 stars,0,₹339.00
Zorba the Greek,Zorba the Greek,4.6 out of 5 stars,"1,250",₹324.00
Heart of Darkness,Heart of Darkness,4.4 out of 5 stars,"7,210",₹109.00
Krishna:Maha Vishnu Avtar,Krishna:Maha Vishnu Avtar,4.2 out of 5 stars,17,₹240.00
When Calm fell for Chaos! (Royal Romance Book 2),When Calm fell for Chaos! (Royal Romance Book 2),4.4 out of 5 stars,224,₹149.00
Ruby’s Worry: A Big Bright Feelings Book,Ruby’s Worry: A Big Bright Feelings Book,4.7 out of 5 stars,"3,269",₹184.00
Around the World in Eighty Days by Jules Verne - A Classic Adventure Novel | Victorian Era Fiction | Action-Packed Expedition | Timeless Classic of Exploration and Discovery | Must-Read for Adventure Enthusiasts | Phileas Fogg | Travelogue,Around the World in Eighty Days by Jules Verne - A Classic Adventure Novel | Victorian Era Fiction | Action-Packed Expedition | Timeless Classic of Exploration and Discovery | Must-Read for Adventure Enthusiasts | Phileas Fogg | Travelogue,4.3 out of 5 stars,"16,370",₹137.00
Byomkesh Bakshi ki Rahasyamayi Kahaniyan: Exploring Saradindu Bandyopadhyay's Detective Mysteries (Hindi Edition): Saradindu Bandyopadhyay's Most Popular ... and Detective stories of Byomkesh Bakshi’,Byomkesh Bakshi ki Rahasyamayi Kahaniyan: Exploring Saradindu Bandyopadhyay's Detective Mysteries (Hindi Edition): Saradindu Bandyopadhyay's Most Popular ... and Detective stories of Byomkesh Bakshi’,4.5 out of 5 stars,"1,100",₹61.95
"ZOOM, ZOOM, BABY!","ZOOM, ZOOM, BABY!",4.6 out of 5 stars,"1,963",₹228.00
Bossy Devil (Nashville Devils Book 5),Bossy Devil (Nashville Devils Book 5),4.4 out of 5 stars,157,₹415.00
"Puck Boy: A Coach's Daughter, Friends with Benefits Romance (The Puck Boys of Brooks University Book 1)","Puck Boy: A Coach's Daughter, Friends with Benefits Romance (The Puck Boys of Brooks University Book 1)",4.3 out of 5 stars,"2,391",₹410.00
Rules of Engagement,Rules of Engagement,4.4 out of 5 stars,"5,466",₹409.00
Spring Tide (Coastal University Book 1),Spring Tide (Coastal University Book 1),4.0 out of 5 stars,"2,736",₹330.00
Filthy Boy: A Friends With Benefits Hockey Romance (The Puck Boys of Brooks University Book 3),Filthy Boy: A Friends With Benefits Hockey Romance (The Puck Boys of Brooks University Book 3),4.5 out of 5 stars,"1,698",₹412.00
Blurred Lines: A Friends to Lovers MM Romance (Darby U Hockey Boys Book 2),Blurred Lines: A Friends to Lovers MM Romance (Darby U Hockey Boys Book 2),4.2 out of 5 stars,"1,437",₹449.00
In Your Wildest Dreams (Wildcat Hockey Book 4),In Your Wildest Dreams (Wildcat Hockey Book 4),4.3 out of 5 stars,"2,357",₹399.00
"Broken Boy: An Enemies to lovers, Second Chance Romance (The Puck Boys of Brooks University Book 2)","Broken Boy: An Enemies to lovers, Second Chance Romance (The Puck Boys of Brooks University Book 2)",4.3 out of 5 stars,"1,537",₹410.00
Clueless Puckboy (Puckboys Book 5),Clueless Puckboy (Puckboys Book 5),4.4 out of 5 stars,"2,740",₹499.00
Lords of Mercy: Royals of Forsyth U (Royals of Forsyth University Book 3),Lords of Mercy: Royals of Forsyth U (Royals of Forsyth University Book 3),4.6 out of 5 stars,"9,966",₹449.00
The Worst Kind of Promise (Riverside Reapers Book 2),The Worst Kind of Promise (Riverside Reapers Book 2),3.9 out of 5 stars,"1,021",₹416.00
Lords of Wrath (Dark College Bully Romance) : Royals of Forsyth University,Lords of Wrath (Dark College Bully Romance) : Royals of Forsyth University,4.5 out of 5 stars,"11,326",₹449.00
Wildcat: A Forbidden Sports Romance (Wildcat Hockey Book 1),Wildcat: A Forbidden Sports Romance (Wildcat Hockey Book 1),4.2 out of 5 stars,"3,049",₹399.00
THE CHEAT SHEET: TikTok made me buy it! The friends-to-lovers rom-com hit sensation!,THE CHEAT SHEET: TikTok made me buy it! The friends-to-lovers rom-com hit sensation!,4.2 out of 5 stars,"16,824",₹413.00
Return Policy: A College Football Sports Romance (Crystal Bay University Book 1),Return Policy: A College Football Sports Romance (Crystal Bay University Book 1),4.3 out of 5 stars,935,₹249.00
Carrie Soto Is Back: From the author of The Seven Husbands of Evelyn Hugo,Carrie Soto Is Back: From the author of The Seven Husbands of Evelyn Hugo,4.4 out of 5 stars,"33,724",₹309.16
Coach (Treasure State Wildcats Book 1),Coach (Treasure State Wildcats Book 1),4.4 out of 5 stars,"16,479",₹449.00
THROTTLED SPECIAL /E,THROTTLED SPECIAL /E,4.6 out of 5 stars,"3,081",₹250.00
Caged (The Defiant Kings Book 1),Caged (The Defiant Kings Book 1),4.4 out of 5 stars,"2,728",₹414.00
Famous Last Words: A College Hockey Romance (Holt Hockey Book 1),Famous Last Words: A College Hockey Romance (Holt Hockey Book 1),4.3 out of 5 stars,"4,577",₹332.00
A Favor for a Favor (All In Book 2),A Favor for a Favor (All In Book 2),4.5 out of 5 stars,"12,115",₹129.00
Gabbi's Goalie: A Curvy Girl Hockey Romance,Gabbi's Goalie: A Curvy Girl Hockey Romance,4.5 out of 5 stars,498,₹249.00
The Puck Secret (Fairfield U Book 1),The Puck Secret (Fairfield U Book 1),4.4 out of 5 stars,"4,426",₹328.00
Tuesday Night Truths (Truth and Lies Book 2),Tuesday Night Truths (Truth and Lies Book 2),4.2 out of 5 stars,504,₹332.00
Ignite : An Enemies to Lovers Formula One Billionaire Marriage of Convenience Romance (Ruthless Billionaires Book 2),Ignite : An Enemies to Lovers Formula One Billionaire Marriage of Convenience Romance (Ruthless Billionaires Book 2),3.9 out of 5 stars,9,₹199.00
Ethan: A Billionaire's Game Novel (Billionaire's Game series Book 3),Ethan: A Billionaire's Game Novel (Billionaire's Game series Book 3),4.5 out of 5 stars,"1,106",₹82.00
One Night Love (Whiskey Run: Sugar),One Night Love (Whiskey Run: Sugar),4.4 out of 5 stars,"2,669",₹249.00
A Pucking Wrong Christmas: A Hockey Romance (The Pucking Wrong Series),A Pucking Wrong Christmas: A Hockey Romance (The Pucking Wrong Series),4.4 out of 5 stars,"1,064",₹249.00
Fault Line (Coastal University Book 2),Fault Line (Coastal University Book 2),3.8 out of 5 stars,"1,385",₹330.00
Overruled (The Defiant Kings Book 4),Overruled (The Defiant Kings Book 4),4.6 out of 5 stars,"1,284",₹409.00
Desire or Defense: An Enemies-to-Lovers Hockey Romance (D.C. Eagles Hockey Book 1),Desire or Defense: An Enemies-to-Lovers Hockey Romance (D.C. Eagles Hockey Book 1),4.1 out of 5 stars,"5,358",₹416.00
Carrie Soto Is Back,Carrie Soto Is Back,4.4 out of 5 stars,0,₹888.00
Crossing Blades (Arctic Titans of Northwood U Book 1),Crossing Blades (Arctic Titans of Northwood U Book 1),4.2 out of 5 stars,816,₹299.00
Pucked Over,Pucked Over,4.5 out of 5 stars,0,₹836.00
Christmas Cupid,Christmas Cupid,3.9 out of 5 stars,"3,314",₹249.00
The Tip-Off: A College Sports Romance (Smart Jocks Book 3),The Tip-Off: A College Sports Romance (Smart Jocks Book 3),4.4 out of 5 stars,"1,531","₹6,999.00"
Pucking Ever After: Volume 2 (Jacksonville Rays),Pucking Ever After: Volume 2 (Jacksonville Rays),4.6 out of 5 stars,"5,067",₹333.00
"The Right Move: Windy City Series, Book 2","The Right Move: Windy City Series, Book 2",4.6 out of 5 stars,0,₹703.00
Play Fake: An Enemies to Lovers Sports Romance (Plays & Penalties Book 1),Play Fake: An Enemies to Lovers Sports Romance (Plays & Penalties Book 1),4.3 out of 5 stars,"2,857",₹415.00
Fresh Meet: A Single Dad Sports Romance (Kings Of The Water Book 2),Fresh Meet: A Single Dad Sports Romance (Kings Of The Water Book 2),4.2 out of 5 stars,"3,912",₹327.00
Best Friends Never Kiss: A Reverse Harem Hockey Romance,Best Friends Never Kiss: A Reverse Harem Hockey Romance,4.1 out of 5 stars,"1,463",₹82.00
Before You: An absolutely perfect and feel-good will-they-won't-they romance to curl up with (Kathryn Freeman's Irresistible Romcom Collection),Before You: An absolutely perfect and feel-good will-they-won't-they romance to curl up with (Kathryn Freeman's Irresistible Romcom Collection),4.5 out of 5 stars,474,₹99.00
Iced (The Defiant Kings Book 3),Iced (The Defiant Kings Book 3),4.3 out of 5 stars,"2,933",₹415.00
"The Baby Blitz: A Surprise Baby Enemies to Lovers Romance [College Football Player, Girl Next Door] (Varsity Dads Book 3)","The Baby Blitz: A Surprise Baby Enemies to Lovers Romance [College Football Player, Girl Next Door] (Varsity Dads Book 3)",4.5 out of 5 stars,"1,225",₹412.00
Ripple Effect (Coastal University Book 3),Ripple Effect (Coastal University Book 3),4.1 out of 5 stars,401,₹332.00
Flirtation or Faceoff: An Enemies to Lovers Hockey Romcom (D.C. Eagles Hockey Book 2),Flirtation or Faceoff: An Enemies to Lovers Hockey Romcom (D.C. Eagles Hockey Book 2),4.2 out of 5 stars,"1,684",₹416.00
The Cheat Sheet: It's the game-changing romantic list to help turn these friends into lovers that became a TikTok sensation!,The Cheat Sheet: It's the game-changing romantic list to help turn these friends into lovers that became a TikTok sensation!,4.2 out of 5 stars,"16,824",₹318.60
For the Fans,For the Fans,4.6 out of 5 stars,0,"₹1,842.00"
First Man On Ice (Twin City U Book 1): An MM enemies to lovers hockey romance,First Man On Ice (Twin City U Book 1): An MM enemies to lovers hockey romance,3.9 out of 5 stars,59,₹248.00
Too Far: A Why Choose Sports Romance (Boys of Lake Chapel Book 3),Too Far: A Why Choose Sports Romance (Boys of Lake Chapel Book 3),4.4 out of 5 stars,407,₹449.00
Taken By A Sinner (The Sinners Series),Taken By A Sinner (The Sinners Series),4.4 out of 5 stars,"15,471",₹414.00
Secret History,Secret History,4.4 out of 5 stars,"37,146",₹489.00
SIX OF CROWS,SIX OF CROWS,4.7 out of 5 stars,"34,844",₹299.00
Ruthless King : A Dark Mafia Romance (Kings of Temptation),Ruthless King : A Dark Mafia Romance (Kings of Temptation),4.3 out of 5 stars,"1,453",₹332.00
The Bandit Queens : A Novel: A Novel [LONGLISTED FOR THE WOMEN'S PRIZE FOR FICTION 2023],The Bandit Queens : A Novel: A Novel [LONGLISTED FOR THE WOMEN'S PRIZE FOR FICTION 2023],4.2 out of 5 stars,"3,432",₹299.00
"The Silent Patient: The record-breaking, multimillion copy Sunday Times bestselling thriller and TikTok sensation","The Silent Patient: The record-breaking, multimillion copy Sunday Times bestselling thriller and TikTok sensation",4.5 out of 5 stars,"281,915",₹195.70
The Hidden Hindu,The Hidden Hindu,4.4 out of 5 stars,"3,105",₹151.05
The Ritual: A Dark College Romance,The Ritual: A Dark College Romance,4.4 out of 5 stars,"49,058",₹411.00
THE PICTURE OF DORIAN GRAY,THE PICTURE OF DORIAN GRAY,4.5 out of 5 stars,"22,259",₹139.00
Rise of a Queen: A Dark Billionaire Romance (Kingdom Duet Book 2),Rise of a Queen: A Dark Billionaire Romance (Kingdom Duet Book 2),4.6 out of 5 stars,"7,217",₹449.00
Where the Crawdads Sing,Where the Crawdads Sing,4.5 out of 5 stars,"498,884",₹283.00
The Devil’s Desire: An Arranged Marriage Mafia Romance (The Devils Series),The Devil’s Desire: An Arranged Marriage Mafia Romance (The Devils Series),4.4 out of 5 stars,536,₹99.00
Consumed by Deception: A Dark Marriage Mafia Romance (Deception Trilogy Book 3),Consumed by Deception: A Dark Marriage Mafia Romance (Deception Trilogy Book 3),4.5 out of 5 stars,"8,999",₹449.00
"Too Late: The darkest thriller of the year, from the global bestseller","Too Late: The darkest thriller of the year, from the global bestseller",4.3 out of 5 stars,"51,073",₹248.00
தஷுரி (பாகம் 01) (Tamil Edition),தஷுரி (பாகம் 01) (Tamil Edition),4.5 out of 5 stars,0,₹119.00
Heart of My Monster: A Dark Mafia Romance (Monster Trilogy Book 3),Heart of My Monster: A Dark Mafia Romance (Monster Trilogy Book 3),4.6 out of 5 stars,"5,355",₹449.00
The Maddest Obsession (Made Book 2),The Maddest Obsession (Made Book 2),4.5 out of 5 stars,"25,591",₹275.00
Samsara: Enter The Valley Of The Gods,Samsara: Enter The Valley Of The Gods,4.3 out of 5 stars,"1,035",₹162.00
"Set of 3 Books Hidden Hindu Triology Based on Hindu Mythology | The Hidden Hindu 1,2,3 ""द हिडन हिंदू-1,2,3 | Premium Deluxe Edition Book in Hindi | Akshat Gupta","Set of 3 Books Hidden Hindu Triology Based on Hindu Mythology | The Hidden Hindu 1,2,3 ""द हिडन हिंदू-1,2,3 | Premium Deluxe Edition Book in Hindi | Akshat Gupta",4.2 out of 5 stars,97,₹699.00
A Game of Thrones: Book 1 of A Song of Ice and Fire,A Game of Thrones: Book 1 of A Song of Ice and Fire,4.6 out of 5 stars,0,"₹1,101.00"
"Seven Moons of Maali, The: WINNER OF THE 2022 BOOKER PRIZE [Paperback] Karunatilaka, Shehan [Paperback] Karunatilaka, Shehan","Seven Moons of Maali, The: WINNER OF THE 2022 BOOKER PRIZE [Paperback] Karunatilaka, Shehan [Paperback] Karunatilaka, Shehan",4.5 out of 5 stars,"4,377",₹239.00
Keeping My Bride: A Dark Mafia Arranged Marriage Romance (Keeping What's Mine Book 1),Keeping My Bride: A Dark Mafia Arranged Marriage Romance (Keeping What's Mine Book 1),4.2 out of 5 stars,"4,489",₹416.00
The Thursday Murder Club,The Thursday Murder Club,4.2 out of 5 stars,"141,429",₹349.00
The Night Whispers: An unputdownable new thriller with a shocking twist (A Slayton Thriller Book 2),The Night Whispers: An unputdownable new thriller with a shocking twist (A Slayton Thriller Book 2),4.3 out of 5 stars,"2,393",₹260.76
"William Warwick Book 6: Out now, the latest William Warwick crime thriller, new for 2023 from the Sunday Times bestselling author of NEXT IN LINE (William Warwick Novels)","William Warwick Book 6: Out now, the latest William Warwick crime thriller, new for 2023 from the Sunday Times bestselling author of NEXT IN LINE (William Warwick Novels)",4.4 out of 5 stars,"5,710",₹324.00
"Trust No One: A suspenseful, completely addictive psychological thriller from TOP 10 BESTSELLER Keri Beevis","Trust No One: A suspenseful, completely addictive psychological thriller from TOP 10 BESTSELLER Keri Beevis",4.5 out of 5 stars,"1,476",₹348.51
Ruthless Salvation: A Grumpy/Sunshine Stalker Mafia Romance (The Byrne Brothers Book 3),Ruthless Salvation: A Grumpy/Sunshine Stalker Mafia Romance (The Byrne Brothers Book 3),4.4 out of 5 stars,"2,601",₹399.00
The Da Vinci Code: (Robert Langdon Book 2) [Paperback] Dan Brown,The Da Vinci Code: (Robert Langdon Book 2) [Paperback] Dan Brown,4.7 out of 5 stars,0,₹340.00
Never Lie: An addictive psychological thriller,Never Lie: An addictive psychological thriller,4.3 out of 5 stars,"103,857",₹333.00
"The Couple Across The Street: A BRAND NEW page-turning psychological thriller from Anita Waller, author of The Family at No 12","The Couple Across The Street: A BRAND NEW page-turning psychological thriller from Anita Waller, author of The Family at No 12",4.0 out of 5 stars,"2,906",₹232.11
The Girl in the Glass Case : Keep Your Girls Safe. Boys Safer.,The Girl in the Glass Case : Keep Your Girls Safe. Boys Safer.,4.4 out of 5 stars,995,₹170.00
"Joey: A brother's best friend, standalone dark mafia romance (Chicago Ruthless Book 2)","Joey: A brother's best friend, standalone dark mafia romance (Chicago Ruthless Book 2)",4.4 out of 5 stars,"11,353",₹411.00
Project Hail Mary: The Sunday Times bestseller from the author of The Martian,Project Hail Mary: The Sunday Times bestseller from the author of The Martian,4.7 out of 5 stars,"110,994",₹365.00
METAMORPHOSIS (PB),METAMORPHOSIS (PB),4.5 out of 5 stars,"11,328",₹149.00
The Hidden Hindu 2,The Hidden Hindu 2,4.6 out of 5 stars,"1,649",₹167.20
The Housemaid's Secret: A totally gripping psychological thriller with a shocking twist,The Housemaid's Secret: A totally gripping psychological thriller with a shocking twist,4.3 out of 5 stars,"120,015",₹260.00
"Girl with Broken Dreams, The","Girl with Broken Dreams, The",4.4 out of 5 stars,129,₹164.00
The Locked Door: A gripping psychological thriller with a jaw-dropping twist Freida McFadden,The Locked Door: A gripping psychological thriller with a jaw-dropping twist Freida McFadden,4.3 out of 5 stars,"68,691",₹299.00
Reign of a King: A Dark Billionaire Romance (Kingdom Duet Book 1),Reign of a King: A Dark Billionaire Romance (Kingdom Duet Book 1),4.4 out of 5 stars,"6,827",₹415.00
The Locked Door: A gripping psychological thriller with a jaw-dropping twist,The Locked Door: A gripping psychological thriller with a jaw-dropping twist,4.3 out of 5 stars,"68,691",₹129.00
Murder on the Orient Express (Poirot),Murder on the Orient Express (Poirot),4.5 out of 5 stars,"30,619",₹267.00
Empire of Sin: An Enemies to Lovers Romance,Empire of Sin: An Enemies to Lovers Romance,4.4 out of 5 stars,"7,390",₹449.00
Cruel Saints (The Saints Series),Cruel Saints (The Saints Series),4.5 out of 5 stars,"8,490",₹412.00
De Lucci's Obsession,De Lucci's Obsession,4.2 out of 5 stars,"1,868",₹247.00
The Unexpected Guest,The Unexpected Guest,4.5 out of 5 stars,"3,447",₹250.00
Throne of Power: An Arranged Marriage Mafia Romance (Throne Duet Book 1),Throne of Power: An Arranged Marriage Mafia Romance (Throne Duet Book 1),4.4 out of 5 stars,"5,132",₹416.00
The Murder of Roger Ackroyd (Poirot),The Murder of Roger Ackroyd (Poirot),4.6 out of 5 stars,"24,720",₹275.00
"Girl Who Knew Too Much, The: What if the Loved One You Lost Were to Come Back?","Girl Who Knew Too Much, The: What if the Loved One You Lost Were to Come Back?",4.1 out of 5 stars,"2,422",₹137.00
Yellowface: The instant #1 Sunday Times bestseller and Reese Witherspoon Book Club pick from author R.F. Kuang,Yellowface: The instant #1 Sunday Times bestseller and Reese Witherspoon Book Club pick from author R.F. Kuang,4.0 out of 5 stars,0,₹351.64
The Complete Novels of Sherlock Holmes (Deluxe Edition),The Complete Novels of Sherlock Holmes (Deluxe Edition),4.6 out of 5 stars,"1,766",₹469.00
